Epoch number,number of human population,number of humans killed by zombie,number of humans starved to death,number of zombie population,number of zombies killed by humans
0,10150,0,0,30,0,
1,10086,64,0,24,70,
2,10019,131,0,34,127,
3,9911,239,0,71,198,
4,9828,322,0,82,270,
5,9759,391,0,115,306,
6,9689,461,0,132,359,
7,9591,559,0,153,436,
8,9557,593,0,159,464,
9,9533,617,0,161,486,
10,9470,680,0,173,537,
11,9436,714,0,187,557,
12,9400,750,0,190,590,
13,9333,817,0,203,644,
14,9259,891,0,223,698,
15,9176,974,0,231,773,
16,9143,1007,0,241,796,
17,9071,1079,0,243,866,
18,9006,1144,0,264,910,
19,8948,1202,0,279,953,
20,8894,1256,0,294,992,
21,8811,1339,0,307,1062,
22,8768,1382,0,313,1099,
23,8669,1481,0,355,1156,
24,8599,1551,0,367,1214,
25,8530,1620,0,410,1240,
26,8478,1672,0,427,1275,
27,8433,1717,0,444,1303,
28,8366,1784,0,458,1356,
29,8314,1836,0,471,1395,
30,8291,1859,0,419,1470,
31,8210,1940,0,429,1541,
32,8167,1983,0,437,1576,
33,8153,1997,0,440,1587,
34,8077,2073,0,449,1654,
35,8044,2106,0,467,1669,
36,7995,2155,0,487,1698,
37,7947,2203,0,497,1736,
38,7930,2220,0,445,1805,
39,7856,2294,0,452,1872,
40,7821,2329,0,461,1898,
41,7759,2391,0,464,1957,
42,7726,2424,0,476,1978,
43,7674,2476,0,488,2018,
44,7573,2577,0,518,2089,
45,7544,2606,0,521,2115,
46,7488,2662,0,521,2171,
47,7445,2705,0,536,2199,
48,7405,2745,0,544,2231,
49,7343,2807,0,552,2285,
50,7288,2862,0,568,2324,
51,7252,2898,0,569,2359,
52,7202,2948,0,570,2408,
53,7162,2988,0,571,2447,
54,7148,3002,0,578,2454,
55,7061,3089,0,602,2517,
56,6986,3164,0,623,2571,
57,6969,3181,0,623,2588,
58,6925,3225,0,630,2625,
59,6912,3238,0,632,2636,
60,6896,3254,0,643,2641,
61,6849,3301,0,642,2689,
62,6794,3356,0,662,2724,
63,6753,3397,0,672,2755,
64,6730,3420,0,683,2767,
65,6707,3443,0,689,2784,
66,6674,3476,0,632,2874,
67,6553,3597,0,638,2989,
68,6529,3621,0,644,3007,
69,6503,3647,0,660,3017,
70,6428,3722,0,665,3087,
71,6370,3780,0,680,3130,
72,6336,3814,0,701,3143,
73,6283,3867,0,704,3193,
74,6261,3889,0,708,3211,
75,6247,3903,0,715,3218,
76,6204,3946,0,728,3248,
77,6179,3971,0,734,3267,
78,6167,3983,0,735,3278,
79,6153,3997,0,742,3285,
80,6140,4010,0,750,3290,
81,6127,4023,0,754,3299,
82,6035,4115,0,754,3391,
83,6001,4149,0,758,3421,
84,5936,4214,0,781,3463,
85,5883,4267,0,790,3507,
86,5852,4298,0,798,3530,
87,5832,4318,0,798,3550,
88,5812,4338,0,800,3568,
89,5797,4353,0,812,3571,
90,5734,4416,0,822,3624,
91,5716,4434,0,829,3635,
92,5681,4469,0,839,3660,
93,5643,4507,0,847,3690,
94,5591,4559,0,872,3717,
95,5564,4586,0,884,3732,
96,5531,4619,0,901,3748,
97,5515,4635,0,905,3760,
98,5481,4669,0,913,3786,
99,5466,4684,0,913,3801,
100,5449,4701,0,914,3817,
101,5436,4714,0,924,3820,
102,5414,4736,0,933,3833,
103,5357,4793,0,947,3876,
104,5306,4844,0,990,3884,
105,5287,4863,0,999,3894,
106,5268,4882,0,1005,3907,
107,5230,4920,0,1024,3926,
108,5182,4968,0,895,4103,
109,5145,5005,0,901,4134,
110,5143,5007,0,902,4135,
111,5133,5017,0,905,4142,
112,5090,5060,0,914,4176,
113,5052,5098,0,919,4209,
114,5010,5140,0,922,4248,
115,4964,5186,0,939,4277,
116,4911,5239,0,943,4326,
117,4826,5324,0,986,4368,
118,4752,5398,0,1022,4406,
119,4671,5479,0,1096,4413,
120,4643,5507,0,1108,4429,
121,4627,5523,0,1110,4443,
122,4602,5548,0,1114,4464,
123,4569,5581,0,1121,4490,
124,4523,5627,0,1127,4530,
125,4459,5691,0,1128,4593,
126,4421,5729,0,1143,4616,
127,4405,5745,0,1150,4625,
128,4355,5795,0,1162,4663,
129,4318,5832,0,1168,4694,
130,4283,5867,0,1184,4713,
131,4275,5875,0,1190,4715,
132,4217,5933,0,1203,4760,
133,4181,5969,0,1203,4796,
134,4158,5992,0,1203,4819,
135,4156,5994,0,1203,4821,
136,4117,6033,0,1218,4845,
137,4092,6058,0,1240,4848,
138,4041,6109,0,1252,4887,
139,4031,6119,0,1252,4897,
140,3987,6163,0,1257,4936,
141,3979,6171,0,1261,4940,
142,3963,6187,0,1262,4955,
143,3926,6224,0,1262,4992,
144,3894,6256,0,1270,5016,
145,3876,6274,0,1279,5025,
146,3872,6278,0,1283,5025,
147,3842,6308,0,1288,5050,
148,3818,6332,0,1291,5071,
149,3803,6347,0,1291,5086,
150,3785,6365,0,1293,5102,
151,3755,6395,0,1295,5130,
152,3740,6410,0,1302,5138,
153,3713,6437,0,1316,5151,
154,3703,6447,0,1320,5157,
155,3675,6475,0,1331,5174,
156,3623,6527,0,1177,5380,
157,3589,6561,0,1183,5408,
158,3552,6598,0,1176,5452,
159,3524,6626,0,1180,5476,
160,3501,6649,0,1183,5496,
161,3489,6661,0,1184,5507,
162,3468,6682,0,1197,5515,
163,3444,6706,0,1201,5535,
164,3432,6718,0,1204,5544,
165,3378,6772,0,1209,5593,
166,3359,6791,0,1212,5609,
167,3356,6794,0,1215,5609,
168,3328,6822,0,1220,5632,
169,3317,6833,0,1230,5633,
170,3302,6848,0,1233,5645,
171,3296,6854,0,1236,5648,
172,3288,6862,0,1239,5653,
173,3269,6881,0,1247,5664,
174,3224,6926,0,1269,5687,
175,3204,6946,0,1272,5704,
176,3163,6987,0,1286,5731,
177,3150,7000,0,1296,5734,
178,3114,7036,0,1326,5740,
179,3104,7046,0,1199,5877,
180,3083,7067,0,1210,5887,
181,3068,7082,0,1219,5893,
182,3035,7115,0,1232,5913,
183,3028,7122,0,1238,5914,
184,3015,7135,0,1251,5914,
185,2997,7153,0,1252,5931,
186,2979,7171,0,1257,5944,
187,2964,7186,0,1265,5951,
188,2962,7188,0,1266,5952,
189,2954,7196,0,1271,5955,
190,2931,7219,0,1281,5968,
191,2914,7236,0,1285,5981,
192,2893,7257,0,1285,6002,
193,2893,7257,0,1285,6002,
194,2869,7281,0,1292,6019,
195,2858,7292,0,1294,6028,
196,2846,7304,0,1295,6039,
197,2819,7331,0,1296,6065,
198,2812,7338,0,1296,6072,
199,2777,7373,0,1320,6083,
200,2724,7426,0,1190,6266,
201,2659,7491,0,1239,6282,
202,2652,7498,0,1240,6288,
203,2627,7523,0,1240,6313,
204,2608,7542,0,1240,6332,
205,2607,7543,0,1241,6332,
206,2596,7554,0,1245,6339,
207,2567,7583,0,1259,6354,
208,2563,7587,0,1263,6354,
209,2561,7589,0,1264,6355,
210,2554,7596,0,1268,6358,
211,2505,7645,0,927,6748,
212,2480,7670,0,767,6933,
213,2467,7683,0,772,6941,
214,2465,7685,0,774,6941,
215,2439,7711,0,789,6952,
216,2433,7717,0,791,6956,
217,2431,7719,0,793,6956,
218,2425,7725,0,794,6961,
219,2414,7736,0,797,6969,
220,2395,7755,0,812,6973,
221,2383,7767,0,813,6984,
222,2379,7771,0,816,6985,
223,2366,7784,0,825,6989,
224,2317,7833,0,833,7030,
225,2283,7867,0,736,7161,
226,2268,7882,0,738,7174,
227,2248,7902,0,751,7181,
228,2243,7907,0,754,7183,
229,2218,7932,0,759,7203,
230,2200,7950,0,762,7218,
231,2166,7984,0,781,7233,
232,2149,8001,0,781,7250,
233,2146,8004,0,782,7252,
234,2137,8013,0,787,7256,
235,2114,8036,0,800,7266,
236,2106,8044,0,802,7272,
237,2102,8048,0,803,7275,
238,2094,8056,0,805,7281,
239,2090,8060,0,807,7283,
240,2078,8072,0,811,7291,
241,2058,8092,0,686,7436,
242,2050,8100,0,691,7439,
243,2031,8119,0,702,7447,
244,2031,8119,0,702,7447,
245,2029,8121,0,702,7449,
246,2026,8124,0,702,7452,
247,2006,8144,0,714,7460,
248,1993,8157,0,726,7461,
249,1959,8191,0,746,7475,
250,1948,8202,0,748,7484,
251,1920,8230,0,750,7510,
252,1918,8232,0,751,7511,
253,1912,8238,0,740,7528,
254,1891,8259,0,753,7536,
255,1870,8280,0,769,7541,
256,1869,8281,0,769,7542,
257,1869,8281,0,769,7542,
258,1859,8291,0,769,7552,
259,1856,8294,0,770,7554,
260,1842,8308,0,776,7562,
261,1822,8328,0,790,7568,
262,1819,8331,0,791,7570,
263,1801,8349,0,802,7577,
264,1796,8354,0,807,7577,
265,1788,8362,0,808,7584,
266,1778,8372,0,809,7593,
267,1766,8384,0,817,7597,
268,1756,8394,0,819,7605,
269,1747,8403,0,827,7606,
270,1734,8416,0,838,7608,
271,1709,8441,0,839,7632,
272,1703,8447,0,840,7637,
273,1687,8463,0,841,7652,
274,1684,8466,0,843,7653,
275,1673,8477,0,845,7662,
276,1669,8481,0,847,7664,
277,1654,8496,0,857,7669,
278,1636,8514,0,860,7684,
279,1634,8516,0,861,7685,
280,1627,8523,0,864,7689,
281,1620,8530,0,866,7694,
282,1618,8532,0,866,7696,
283,1617,8533,0,866,7697,
284,1609,8541,0,866,7705,
285,1603,8547,0,872,7705,
286,1588,8562,0,880,7712,
287,1583,8567,0,885,7712,
288,1577,8573,0,888,7715,
289,1554,8596,0,895,7731,
290,1533,8617,0,896,7751,
291,1511,8639,0,898,7771,
292,1505,8645,0,900,7775,
293,1489,8661,0,907,7784,
294,1485,8665,0,908,7787,
295,1476,8674,0,913,7791,
296,1467,8683,0,918,7795,
297,1448,8702,0,937,7795,
298,1416,8734,0,940,7824,
299,1410,8740,0,945,7825,
300,1409,8741,0,946,7825,
301,1392,8758,0,946,7842,
302,1383,8767,0,948,7849,
303,1382,8768,0,949,7849,
304,1363,8787,0,950,7867,
305,1346,8804,0,955,7879,
306,1344,8806,0,956,7880,
307,1340,8810,0,956,7884,
308,1335,8815,0,959,7886,
309,1329,8821,0,962,7889,
310,1326,8824,0,964,7890,
311,1323,8827,0,967,7890,
312,1320,8830,0,969,7891,
313,1317,8833,0,972,7891,
314,1307,8843,0,977,7896,
315,1300,8850,0,980,7900,
316,1284,8866,0,984,7912,
317,1279,8871,0,985,7916,
318,1269,8881,0,986,7925,
319,1245,8905,0,989,7946,
320,1237,8913,0,992,7951,
321,1218,8932,0,1011,7951,
322,1216,8934,0,1013,7951,
323,1199,8951,0,1024,7957,
324,1197,8953,0,1024,7959,
325,1195,8955,0,1024,7961,
326,1186,8964,0,1031,7963,
327,1159,8991,0,1058,7963,
328,1153,8997,0,1059,7968,
329,1145,9005,0,1066,7969,
330,1135,9015,0,1066,7979,
331,1134,9016,0,1067,7979,
332,1130,9020,0,1069,7981,
333,1120,9030,0,1073,7987,
334,1118,9032,0,1074,7988,
335,1117,9033,0,1075,7988,
336,1107,9043,0,1079,7994,
337,1107,9043,0,1079,7994,
338,1104,9046,0,1079,7997,
339,1098,9052,0,1084,7998,
340,1082,9068,0,1098,8000,
341,1075,9075,0,1104,8001,
342,1068,9082,0,1105,8007,
343,1059,9091,0,1106,8015,
344,1049,9101,0,1112,8019,
345,1047,9103,0,1113,8020,
346,1046,9104,0,1068,8066,
347,1040,9110,0,1070,8070,
348,1031,9119,0,1075,8074,
349,1029,9121,0,1077,8074,
350,1013,9137,0,1089,8078,
351,1011,9139,0,1090,8079,
352,1007,9143,0,1093,8080,
353,1004,9146,0,1096,8080,
354,1004,9146,0,1096,8080,
355,1003,9147,0,1097,8080,
356,984,9166,0,1100,8096,
357,983,9167,0,1100,8097,
358,966,9184,0,1105,8109,
359,964,9186,0,1106,8110,
360,953,9197,0,1114,8113,
361,951,9199,0,1114,8115,
362,924,9226,0,1073,8183,
363,919,9231,0,1075,8186,
364,912,9238,0,1079,8189,
365,900,9250,0,1090,8190,
366,878,9272,0,1090,8212,
367,878,9272,0,1090,8212,
368,867,9283,0,1091,8222,
369,864,9286,0,1091,8225,
370,864,9286,0,1091,8225,
371,858,9292,0,1096,8226,
372,857,9293,0,1097,8226,
373,850,9300,0,1098,8232,
374,846,9304,0,1098,8236,
375,844,9306,0,1100,8236,
376,817,9333,0,1122,8241,
377,808,9342,0,1125,8247,
378,806,9344,0,1127,8247,
379,805,9345,0,1128,8247,
380,802,9348,0,1131,8247,
381,800,9350,0,1133,8247,
382,781,9369,0,1136,8263,
383,781,9369,0,1136,8263,
384,779,9371,0,1138,8263,
385,763,9387,0,1142,8275,
386,752,9398,0,1148,8280,
387,743,9407,0,1153,8284,
388,741,9409,0,1155,8284,
389,739,9411,0,1155,8286,
390,720,9430,0,1174,8286,
391,710,9440,0,1184,8286,
392,692,9458,0,1188,8300,
393,668,9482,0,1212,8300,
394,667,9483,0,1212,8301,
395,666,9484,0,1213,8301,
396,659,9491,0,1220,8301,
397,658,9492,0,1221,8301,
398,655,9495,0,1224,8301,
399,653,9497,0,1226,8301,
400,648,9502,0,1231,8301,
401,645,9505,0,1234,8301,
402,631,9519,0,1235,8314,
403,618,9532,0,1243,8319,
404,618,9532,0,1243,8319,
405,617,9533,0,1244,8319,
406,612,9538,0,1249,8319,
407,605,9545,0,1256,8319,
408,588,9562,0,1267,8325,
409,586,9564,0,1269,8325,
410,578,9572,0,1105,8497,
411,576,9574,0,1105,8499,
412,570,9580,0,1109,8501,
413,563,9587,0,1116,8501,
414,557,9593,0,1121,8502,
415,544,9606,0,1134,8502,
416,544,9606,0,1134,8502,
417,541,9609,0,1134,8505,
418,541,9609,0,1134,8505,
419,538,9612,0,1136,8506,
420,536,9614,0,1138,8506,
421,530,9620,0,1141,8509,
422,528,9622,0,1142,8510,
423,525,9625,0,1143,8512,
424,522,9628,0,1145,8513,
425,518,9632,0,1146,8516,
426,517,9633,0,1146,8517,
427,517,9633,0,1146,8517,
428,516,9634,0,1146,8518,
429,516,9634,0,1146,8518,
430,515,9635,0,1147,8518,
431,513,9637,0,1149,8518,
432,504,9646,0,987,8689,
433,500,9650,0,987,8693,
434,500,9650,0,987,8693,
435,499,9651,0,988,8693,
436,497,9653,0,990,8693,
437,493,9657,0,991,8696,
438,486,9664,0,996,8698,
439,485,9665,0,996,8699,
440,482,9668,0,996,8702,
441,480,9670,0,996,8704,
442,474,9676,0,996,8710,
443,473,9677,0,997,8710,
444,471,9679,0,999,8710,
445,469,9681,0,1001,8710,
446,465,9685,0,1005,8710,
447,464,9686,0,1005,8711,
448,463,9687,0,1005,8712,
449,456,9694,0,1009,8715,
450,452,9698,0,1013,8715,
451,449,9701,0,1016,8715,
452,448,9702,0,1017,8715,
453,447,9703,0,1018,8715,
454,446,9704,0,1018,8716,
455,443,9707,0,1018,8719,
456,442,9708,0,1019,8719,
457,440,9710,0,1021,8719,
458,439,9711,0,1022,8719,
459,438,9712,0,1023,8719,
460,430,9720,0,1027,8723,
461,430,9720,0,1027,8723,
462,430,9720,0,1027,8723,
463,428,9722,0,1029,8723,
464,428,9722,0,1029,8723,
465,427,9723,0,1029,8724,
466,427,9723,0,1029,8724,
467,427,9723,0,869,8884,
468,426,9724,0,870,8884,
469,425,9725,0,871,8884,
470,418,9732,0,878,8884,
471,394,9756,0,902,8884,
472,388,9762,0,908,8884,
473,387,9763,0,909,8884,
474,387,9763,0,909,8884,
475,382,9768,0,848,8950,
476,382,9768,0,848,8950,
477,379,9771,0,848,8953,
478,377,9773,0,684,9119,
479,374,9776,0,687,9119,
480,356,9794,0,702,9122,
481,353,9797,0,705,9122,
482,351,9799,0,707,9122,
483,350,9800,0,707,9123,
484,350,9800,0,707,9123,
485,348,9802,0,707,9125,
486,347,9803,0,708,9125,
487,342,9808,0,713,9125,
488,338,9812,0,716,9126,
489,338,9812,0,716,9126,
490,338,9812,0,716,9126,
491,334,9816,0,720,9126,
492,331,9819,0,722,9127,
493,329,9821,0,724,9127,
494,329,9821,0,724,9127,
495,329,9821,0,724,9127,
496,329,9821,0,724,9127,
497,329,9821,0,724,9127,
498,328,9822,0,724,9128,
499,313,9837,0,737,9130,
500,310,9840,0,740,9130,
501,299,9851,0,751,9130,
502,299,9851,0,751,9130,
503,298,9852,0,751,9131,
504,298,9852,0,751,9131,
505,297,9853,0,752,9131,
506,296,9854,0,753,9131,
507,295,9855,0,754,9131,
508,294,9856,0,755,9131,
509,294,9856,0,755,9131,
510,294,9856,0,755,9131,
511,294,9856,0,755,9131,
512,294,9856,0,755,9131,
513,292,9858,0,757,9131,
514,290,9860,0,759,9131,
515,288,9862,0,761,9131,
516,287,9863,0,762,9131,
517,287,9863,0,762,9131,
518,285,9865,0,764,9131,
519,284,9866,0,765,9131,
520,283,9867,0,766,9131,
521,281,9869,0,767,9132,
522,278,9872,0,768,9134,
523,267,9883,0,771,9142,
524,264,9886,0,774,9142,
525,262,9888,0,776,9142,
526,261,9889,0,776,9143,
527,260,9890,0,777,9143,
528,259,9891,0,778,9143,
529,257,9893,0,780,9143,
530,256,9894,0,781,9143,
531,255,9895,0,782,9143,
532,246,9904,0,790,9144,
533,245,9905,0,791,9144,
534,245,9905,0,791,9144,
535,245,9905,0,791,9144,
536,245,9905,0,791,9144,
537,244,9906,0,792,9144,
538,243,9907,0,793,9144,
539,243,9907,0,793,9144,
540,243,9907,0,793,9144,
541,242,9908,0,794,9144,
542,241,9909,0,795,9144,
543,240,9910,0,796,9144,
544,239,9911,0,797,9144,
545,237,9913,0,798,9145,
546,237,9913,0,798,9145,
547,237,9913,0,798,9145,
548,235,9915,0,798,9147,
549,235,9915,0,798,9147,
550,235,9915,0,798,9147,
551,235,9915,0,798,9147,
552,235,9915,0,798,9147,
553,235,9915,0,798,9147,
554,234,9916,0,798,9148,
555,234,9916,0,798,9148,
556,234,9916,0,798,9148,
557,233,9917,0,799,9148,
558,232,9918,0,800,9148,
559,231,9919,0,801,9148,
560,231,9919,0,801,9148,
561,231,9919,0,801,9148,
562,231,9919,0,801,9148,
563,231,9919,0,801,9148,
564,230,9920,0,802,9148,
565,228,9922,0,804,9148,
566,227,9923,0,804,9149,
567,227,9923,0,804,9149,
568,227,9923,0,804,9149,
569,227,9923,0,804,9149,
570,227,9923,0,804,9149,
571,227,9923,0,804,9149,
572,227,9923,0,804,9149,
573,226,9924,0,675,9279,
574,223,9927,0,676,9281,
575,223,9927,0,676,9281,
576,222,9928,0,676,9282,
577,222,9928,0,676,9282,
578,222,9928,0,676,9282,
579,222,9928,0,676,9282,
580,222,9928,0,676,9282,
581,217,9933,0,676,9287,
582,217,9933,0,676,9287,
583,217,9933,0,676,9287,
584,217,9933,0,676,9287,
585,217,9933,0,676,9287,
586,217,9933,0,676,9287,
587,216,9934,0,676,9288,
588,216,9934,0,676,9288,
589,216,9934,0,676,9288,
590,216,9934,0,676,9288,
591,210,9940,0,676,9294,
592,210,9940,0,676,9294,
593,210,9940,0,676,9294,
594,208,9942,0,676,9296,
595,208,9942,0,676,9296,
596,208,9942,0,676,9296,
597,208,9942,0,676,9296,
598,208,9942,0,676,9296,
599,207,9943,0,677,9296,
600,206,9944,0,678,9296,
601,205,9945,0,679,9296,
602,205,9945,0,679,9296,
603,205,9945,0,679,9296,
604,197,9953,0,679,9304,
605,197,9953,0,679,9304,
606,197,9953,0,679,9304,
607,197,9953,0,679,9304,
608,197,9953,0,679,9304,
609,197,9953,0,679,9304,
610,197,9953,0,679,9304,
611,197,9953,0,679,9304,
612,197,9953,0,679,9304,
613,197,9953,0,679,9304,
614,197,9953,0,679,9304,
615,197,9953,0,679,9304,
616,197,9953,0,679,9304,
617,197,9953,0,679,9304,
618,197,9953,0,679,9304,
619,197,9953,0,679,9304,
620,197,9953,0,679,9304,
621,197,9953,0,679,9304,
622,196,9954,0,679,9305,
623,196,9954,0,679,9305,
624,195,9955,0,679,9306,
625,195,9955,0,679,9306,
626,195,9955,0,679,9306,
627,195,9955,0,679,9306,
628,194,9956,0,679,9307,
629,188,9962,0,679,9313,
630,186,9964,0,679,9315,
631,186,9964,0,679,9315,
632,186,9964,0,679,9315,
633,185,9965,0,680,9315,
634,183,9967,0,682,9315,
635,181,9969,0,683,9316,
636,181,9969,0,683,9316,
637,180,9970,0,683,9317,
638,180,9970,0,683,9317,
639,180,9970,0,683,9317,
640,180,9970,0,683,9317,
641,179,9971,0,683,9318,
642,179,9971,0,683,9318,
643,179,9971,0,683,9318,
644,179,9971,0,683,9318,
645,179,9971,0,683,9318,
646,179,9971,0,683,9318,
647,179,9971,0,683,9318,
648,179,9971,0,683,9318,
649,179,9971,0,683,9318,
650,179,9971,0,683,9318,
651,179,9971,0,683,9318,
652,177,9973,0,683,9320,
653,177,9973,0,683,9320,
654,177,9973,0,683,9320,
655,177,9973,0,683,9320,
656,177,9973,0,683,9320,
657,168,9982,0,683,9329,
658,162,9988,0,689,9329,
659,161,9989,0,690,9329,
660,160,9990,0,691,9329,
661,159,9991,0,692,9329,
662,159,9991,0,692,9329,
663,159,9991,0,692,9329,
664,159,9991,0,692,9329,
665,159,9991,0,692,9329,
666,159,9991,0,692,9329,
667,159,9991,0,692,9329,
668,159,9991,0,692,9329,
669,159,9991,0,692,9329,
670,159,9991,0,692,9329,
671,159,9991,0,692,9329,
672,159,9991,0,692,9329,
673,159,9991,0,692,9329,
674,159,9991,0,692,9329,
675,157,9993,0,692,9331,
676,157,9993,0,692,9331,
677,156,9994,0,693,9331,
678,155,9995,0,694,9331,
679,154,9996,0,695,9331,
680,154,9996,0,695,9331,
681,154,9996,0,695,9331,
682,153,9997,0,695,9332,
683,153,9997,0,695,9332,
684,153,9997,0,695,9332,
685,153,9997,0,695,9332,
686,152,9998,0,695,9333,
687,152,9998,0,695,9333,
688,152,9998,0,695,9333,
689,150,10000,0,695,9335,
690,150,10000,0,695,9335,
691,150,10000,0,695,9335,
692,150,10000,0,695,9335,
693,150,10000,0,695,9335,
694,150,10000,0,695,9335,
695,150,10000,0,695,9335,
696,149,10001,0,695,9336,
697,148,10002,0,696,9336,
698,147,10003,0,697,9336,
699,147,10003,0,697,9336,
700,147,10003,0,697,9336,
701,146,10004,0,698,9336,
702,144,10006,0,700,9336,
703,144,10006,0,700,9336,
704,143,10007,0,701,9336,
705,142,10008,0,702,9336,
706,142,10008,0,702,9336,
707,142,10008,0,702,9336,
708,142,10008,0,702,9336,
709,142,10008,0,702,9336,
710,142,10008,0,702,9336,
711,142,10008,0,702,9336,
712,142,10008,0,702,9336,
713,142,10008,0,702,9336,
714,142,10008,0,702,9336,
715,142,10008,0,702,9336,
716,142,10008,0,702,9336,
717,142,10008,0,702,9336,
718,142,10008,0,702,9336,
719,142,10008,0,702,9336,
720,142,10008,0,702,9336,
721,142,10008,0,702,9336,
722,142,10008,0,702,9336,
723,141,10009,0,702,9337,
724,141,10009,0,702,9337,
725,141,10009,0,702,9337,
726,141,10009,0,702,9337,
727,141,10009,0,702,9337,
728,141,10009,0,702,9337,
729,141,10009,0,702,9337,
730,141,10009,0,702,9337,
731,141,10009,0,702,9337,
732,141,10009,0,702,9337,
733,140,10010,0,702,9338,
734,140,10010,0,702,9338,
735,140,10010,0,702,9338,
736,140,10010,0,702,9338,
737,140,10010,0,702,9338,
738,140,10010,0,702,9338,
739,140,10010,0,702,9338,
740,140,10010,0,702,9338,
741,140,10010,0,702,9338,
742,140,10010,0,702,9338,
743,140,10010,0,702,9338,
744,140,10010,0,702,9338,
745,140,10010,0,702,9338,
746,140,10010,0,702,9338,
747,140,10010,0,406,9634,
748,139,10011,0,406,9635,
749,139,10011,0,406,9635,
750,139,10011,0,406,9635,
751,139,10011,0,406,9635,
752,139,10011,0,406,9635,
753,139,10011,0,406,9635,
754,139,10011,0,406,9635,
755,139,10011,0,406,9635,
756,139,10011,0,406,9635,
757,139,10011,0,406,9635,
758,139,10011,0,406,9635,
759,139,10011,0,406,9635,
760,139,10011,0,406,9635,
761,139,10011,0,406,9635,
762,139,10011,0,406,9635,
763,139,10011,0,406,9635,
764,139,10011,0,406,9635,
765,139,10011,0,406,9635,
766,139,10011,0,406,9635,
767,139,10011,0,406,9635,
768,139,10011,0,406,9635,
769,139,10011,0,406,9635,
770,139,10011,0,406,9635,
771,139,10011,0,406,9635,
772,139,10011,0,406,9635,
773,139,10011,0,406,9635,
774,139,10011,0,406,9635,
775,139,10011,0,406,9635,
776,139,10011,0,406,9635,
777,139,10011,0,406,9635,
778,139,10011,0,406,9635,
779,139,10011,0,406,9635,
780,139,10011,0,406,9635,
781,139,10011,0,406,9635,
782,137,10013,0,406,9637,
783,137,10013,0,406,9637,
784,137,10013,0,406,9637,
785,135,10015,0,406,9639,
786,135,10015,0,406,9639,
787,135,10015,0,406,9639,
788,135,10015,0,406,9639,
789,135,10015,0,406,9639,
790,135,10015,0,406,9639,
791,135,10015,0,406,9639,
792,135,10015,0,406,9639,
793,135,10015,0,406,9639,
794,135,10015,0,406,9639,
795,135,10015,0,406,9639,
796,135,10015,0,406,9639,
797,135,10015,0,406,9639,
798,135,10015,0,406,9639,
799,135,10015,0,406,9639,
800,135,10015,0,406,9639,
801,135,10015,0,406,9639,
802,135,10015,0,406,9639,
803,133,10017,0,406,9641,
804,133,10017,0,406,9641,
805,133,10017,0,406,9641,
806,133,10017,0,406,9641,
807,133,10017,0,406,9641,
808,133,10017,0,406,9641,
809,133,10017,0,406,9641,
810,133,10017,0,406,9641,
811,132,10018,0,406,9642,
812,132,10018,0,406,9642,
813,132,10018,0,350,9698,
814,132,10018,0,350,9698,
815,132,10018,0,350,9698,
816,111,10039,0,350,9719,
817,111,10039,0,350,9719,
818,111,10039,0,350,9719,
819,111,10039,0,350,9719,
820,111,10039,0,350,9719,
821,111,10039,0,350,9719,
822,111,10039,0,350,9719,
823,111,10039,0,350,9719,
824,111,10039,0,350,9719,
825,111,10039,0,350,9719,
826,111,10039,0,350,9719,
827,111,10039,0,350,9719,
828,111,10039,0,350,9719,
829,111,10039,0,350,9719,
830,111,10039,0,350,9719,
831,111,10039,0,350,9719,
832,104,10046,0,350,9726,
833,104,10046,0,350,9726,
834,103,10047,0,350,9727,
835,103,10047,0,350,9727,
836,101,10049,0,350,9729,
837,101,10049,0,350,9729,
838,101,10049,0,350,9729,
839,101,10049,0,350,9729,
840,101,10049,0,350,9729,
841,101,10049,0,350,9729,
842,101,10049,0,350,9729,
843,101,10049,0,350,9729,
844,101,10049,0,350,9729,
845,101,10049,0,350,9729,
846,101,10049,0,350,9729,
847,101,10049,0,350,9729,
848,101,10049,0,350,9729,
849,101,10049,0,350,9729,
850,101,10049,0,350,9729,
851,101,10049,0,350,9729,
852,101,10049,0,350,9729,
853,101,10049,0,350,9729,
854,101,10049,0,350,9729,
855,101,10049,0,350,9729,
856,101,10049,0,350,9729,
857,101,10049,0,350,9729,
858,101,10049,0,350,9729,
859,101,10049,0,350,9729,
860,101,10049,0,350,9729,
861,101,10049,0,350,9729,
862,101,10049,0,350,9729,
863,101,10049,0,350,9729,
864,101,10049,0,350,9729,
865,101,10049,0,350,9729,
866,100,10050,0,350,9730,
867,100,10050,0,350,9730,
868,100,10050,0,350,9730,
869,100,10050,0,350,9730,
870,100,10050,0,350,9730,
871,100,10050,0,350,9730,
872,100,10050,0,350,9730,
873,100,10050,0,350,9730,
874,100,10050,0,350,9730,
875,100,10050,0,350,9730,
876,100,10050,0,350,9730,
877,100,10050,0,350,9730,
878,100,10050,0,350,9730,
879,100,10050,0,350,9730,
880,100,10050,0,350,9730,
881,100,10050,0,350,9730,
882,100,10050,0,350,9730,
883,99,10051,0,350,9731,
884,99,10051,0,350,9731,
885,99,10051,0,350,9731,
886,99,10051,0,350,9731,
887,99,10051,0,350,9731,
888,99,10051,0,350,9731,
889,99,10051,0,350,9731,
890,99,10051,0,350,9731,
891,99,10051,0,350,9731,
892,99,10051,0,350,9731,
893,99,10051,0,350,9731,
894,99,10051,0,350,9731,
895,99,10051,0,350,9731,
896,99,10051,0,350,9731,
897,99,10051,0,350,9731,
898,99,10051,0,350,9731,
899,99,10051,0,350,9731,
900,99,10051,0,350,9731,
901,99,10051,0,350,9731,
902,99,10051,0,350,9731,
903,99,10051,0,350,9731,
904,99,10051,0,350,9731,
905,99,10051,0,350,9731,
906,99,10051,0,350,9731,
907,99,10051,0,350,9731,
908,99,10051,0,350,9731,
909,99,10051,0,350,9731,
910,99,10051,0,350,9731,
911,99,10051,0,350,9731,
912,99,10051,0,350,9731,
913,99,10051,0,246,9835,
914,99,10051,0,246,9835,
915,99,10051,0,246,9835,
916,99,10051,0,246,9835,
917,99,10051,0,246,9835,
918,99,10051,0,246,9835,
919,99,10051,0,246,9835,
920,99,10051,0,246,9835,
921,99,10051,0,246,9835,
922,99,10051,0,246,9835,
923,99,10051,0,246,9835,
924,99,10051,0,246,9835,
925,99,10051,0,246,9835,
926,99,10051,0,246,9835,
927,99,10051,0,246,9835,
928,99,10051,0,246,9835,
929,98,10052,0,246,9836,
930,98,10052,0,246,9836,
931,98,10052,0,246,9836,
932,98,10052,0,246,9836,
933,97,10053,0,246,9837,
934,97,10053,0,246,9837,
935,97,10053,0,246,9837,
936,97,10053,0,246,9837,
937,97,10053,0,246,9837,
938,97,10053,0,246,9837,
939,97,10053,0,246,9837,
940,97,10053,0,246,9837,
941,95,10055,0,246,9839,
942,95,10055,0,246,9839,
943,95,10055,0,246,9839,
944,95,10055,0,246,9839,
945,95,10055,0,246,9839,
946,95,10055,0,246,9839,
947,95,10055,0,246,9839,
948,95,10055,0,246,9839,
949,95,10055,0,246,9839,
950,95,10055,0,246,9839,
951,95,10055,0,246,9839,
952,95,10055,0,246,9839,
953,95,10055,0,246,9839,
954,95,10055,0,246,9839,
955,95,10055,0,246,9839,
956,95,10055,0,246,9839,
957,95,10055,0,246,9839,
958,95,10055,0,246,9839,
959,95,10055,0,246,9839,
960,95,10055,0,246,9839,
961,95,10055,0,246,9839,
962,95,10055,0,246,9839,
963,95,10055,0,246,9839,
964,95,10055,0,246,9839,
965,95,10055,0,246,9839,
966,95,10055,0,246,9839,
967,95,10055,0,246,9839,
968,94,10056,0,246,9840,
969,94,10056,0,246,9840,
970,94,10056,0,246,9840,
971,94,10056,0,246,9840,
972,94,10056,0,246,9840,
973,94,10056,0,246,9840,
974,94,10056,0,246,9840,
975,94,10056,0,246,9840,
976,94,10056,0,246,9840,
977,94,10056,0,246,9840,
978,94,10056,0,246,9840,
979,94,10056,0,246,9840,
980,94,10056,0,246,9840,
981,94,10056,0,246,9840,
982,94,10056,0,246,9840,
983,94,10056,0,246,9840,
984,94,10056,0,246,9840,
985,94,10056,0,246,9840,
986,94,10056,0,246,9840,
987,94,10056,0,246,9840,
988,94,10056,0,246,9840,
989,94,10056,0,246,9840,
990,94,10056,0,246,9840,
991,94,10056,0,246,9840,
992,94,10056,0,246,9840,
993,94,10056,0,246,9840,
994,94,10056,0,246,9840,
995,94,10056,0,246,9840,
996,94,10056,0,246,9840,
997,94,10056,0,246,9840,
998,94,10056,0,246,9840,
999,93,10057,0,246,9841,
1000,93,10057,0,246,9841,
1001,93,10057,0,246,9841,
1002,93,10057,0,246,9841,
1003,93,10057,0,246,9841,
1004,93,10057,0,246,9841,
1005,93,10057,0,246,9841,
1006,93,10057,0,246,9841,
1007,93,10057,0,246,9841,
1008,93,10057,0,246,9841,
1009,93,10057,0,246,9841,
1010,93,10057,0,246,9841,
1011,93,10057,0,246,9841,
1012,93,10057,0,246,9841,
1013,93,10057,0,246,9841,
1014,93,10057,0,246,9841,
1015,93,10057,0,246,9841,
1016,93,10057,0,141,9946,
1017,92,10058,0,141,9947,
1018,92,10058,0,141,9947,
1019,92,10058,0,141,9947,
1020,92,10058,0,141,9947,
1021,91,10059,0,141,9948,
1022,91,10059,0,141,9948,
1023,91,10059,0,141,9948,
1024,91,10059,0,141,9948,
1025,91,10059,0,141,9948,
1026,91,10059,0,141,9948,
1027,91,10059,0,141,9948,
1028,91,10059,0,141,9948,
1029,91,10059,0,141,9948,
1030,91,10059,0,141,9948,
1031,91,10059,0,141,9948,
1032,91,10059,0,141,9948,
1033,88,10062,0,141,9951,
1034,88,10062,0,141,9951,
1035,88,10062,0,141,9951,
1036,88,10062,0,141,9951,
1037,88,10062,0,141,9951,
1038,88,10062,0,141,9951,
1039,88,10062,0,141,9951,
1040,88,10062,0,132,9960,
1041,88,10062,0,132,9960,
1042,88,10062,0,132,9960,
1043,88,10062,0,132,9960,
1044,88,10062,0,132,9960,
1045,88,10062,0,132,9960,
1046,88,10062,0,132,9960,
1047,88,10062,0,95,9997,
1048,88,10062,0,95,9997,
1049,88,10062,0,95,9997,
1050,88,10062,0,95,9997,
1051,88,10062,0,95,9997,
1052,88,10062,0,95,9997,
1053,88,10062,0,95,9997,
1054,88,10062,0,95,9997,
1055,88,10062,0,95,9997,
1056,88,10062,0,95,9997,
1057,88,10062,0,95,9997,
1058,88,10062,0,95,9997,
1059,88,10062,0,95,9997,
1060,88,10062,0,95,9997,
1061,88,10062,0,86,10006,
1062,88,10062,0,86,10006,
1063,88,10062,0,86,10006,
1064,88,10062,0,86,10006,
1065,88,10062,0,86,10006,
1066,88,10062,0,86,10006,
1067,88,10062,0,86,10006,
1068,88,10062,0,86,10006,
1069,88,10062,0,86,10006,
1070,88,10062,0,86,10006,
1071,88,10062,0,86,10006,
1072,88,10062,0,86,10006,
1073,88,10062,0,86,10006,
1074,88,10062,0,86,10006,
1075,88,10062,0,86,10006,
1076,88,10062,0,86,10006,
1077,88,10062,0,86,10006,
1078,88,10062,0,86,10006,
1079,88,10062,0,86,10006,
1080,88,10062,0,86,10006,
1081,88,10062,0,86,10006,
1082,88,10062,0,86,10006,
1083,88,10062,0,86,10006,
1084,88,10062,0,86,10006,
1085,88,10062,0,86,10006,
1086,88,10062,0,86,10006,
1087,88,10062,0,86,10006,
1088,88,10062,0,86,10006,
1089,88,10062,0,86,10006,
1090,88,10062,0,86,10006,
1091,88,10062,0,86,10006,
1092,88,10062,0,86,10006,
1093,88,10062,0,86,10006,
1094,88,10062,0,86,10006,
1095,88,10062,0,86,10006,
1096,88,10062,0,86,10006,
1097,88,10062,0,86,10006,
1098,88,10062,0,86,10006,
1099,88,10062,0,86,10006,
1100,88,10062,0,86,10006,
1101,88,10062,0,86,10006,
1102,88,10062,0,86,10006,
1103,88,10062,0,86,10006,
1104,88,10062,0,86,10006,
1105,88,10062,0,86,10006,
1106,88,10062,0,86,10006,
1107,88,10062,0,86,10006,
1108,88,10062,0,86,10006,
1109,88,10062,0,86,10006,
1110,88,10062,0,86,10006,
1111,88,10062,0,86,10006,
1112,88,10062,0,86,10006,
1113,88,10062,0,86,10006,
1114,88,10062,0,86,10006,
1115,88,10062,0,86,10006,
1116,88,10062,0,86,10006,
1117,88,10062,0,86,10006,
1118,88,10062,0,86,10006,
1119,88,10062,0,86,10006,
1120,88,10062,0,86,10006,
1121,88,10062,0,86,10006,
1122,88,10062,0,86,10006,
1123,88,10062,0,86,10006,
1124,88,10062,0,86,10006,
1125,88,10062,0,86,10006,
1126,88,10062,0,86,10006,
1127,88,10062,0,86,10006,
1128,88,10062,0,86,10006,
1129,88,10062,0,86,10006,
1130,88,10062,0,86,10006,
1131,88,10062,0,86,10006,
1132,88,10062,0,86,10006,
1133,88,10062,0,86,10006,
1134,88,10062,0,86,10006,
1135,88,10062,0,86,10006,
1136,88,10062,0,86,10006,
1137,88,10062,0,86,10006,
1138,88,10062,0,86,10006,
1139,88,10062,0,86,10006,
1140,88,10062,0,86,10006,
1141,88,10062,0,86,10006,
1142,88,10062,0,86,10006,
1143,88,10062,0,86,10006,
1144,88,10062,0,86,10006,
1145,88,10062,0,86,10006,
1146,88,10062,0,86,10006,
1147,88,10062,0,86,10006,
1148,88,10062,0,86,10006,
1149,88,10062,0,86,10006,
1150,88,10062,0,86,10006,
1151,88,10062,0,86,10006,
1152,88,10062,0,86,10006,
1153,88,10062,0,86,10006,
1154,88,10062,0,86,10006,
1155,88,10062,0,86,10006,
1156,88,10062,0,86,10006,
1157,88,10062,0,86,10006,
1158,88,10062,0,86,10006,
1159,88,10062,0,86,10006,
1160,88,10062,0,86,10006,
1161,87,10063,0,86,10007,
1162,87,10063,0,86,10007,
1163,87,10063,0,86,10007,
1164,87,10063,0,86,10007,
1165,87,10063,0,86,10007,
1166,87,10063,0,86,10007,
1167,87,10063,0,86,10007,
1168,87,10063,0,86,10007,
1169,87,10063,0,86,10007,
1170,87,10063,0,86,10007,
1171,87,10063,0,86,10007,
1172,87,10063,0,86,10007,
1173,87,10063,0,86,10007,
1174,87,10063,0,86,10007,
1175,87,10063,0,86,10007,
1176,87,10063,0,86,10007,
1177,87,10063,0,86,10007,
1178,87,10063,0,86,10007,
1179,87,10063,0,86,10007,
1180,87,10063,0,86,10007,
1181,87,10063,0,86,10007,
1182,87,10063,0,86,10007,
1183,87,10063,0,86,10007,
1184,87,10063,0,86,10007,
1185,87,10063,0,86,10007,
1186,87,10063,0,86,10007,
1187,86,10064,0,86,10008,
1188,86,10064,0,86,10008,
1189,86,10064,0,86,10008,
1190,86,10064,0,86,10008,
1191,86,10064,0,86,10008,
1192,86,10064,0,86,10008,
1193,86,10064,0,86,10008,
1194,86,10064,0,86,10008,
1195,86,10064,0,86,10008,
1196,86,10064,0,86,10008,
1197,86,10064,0,86,10008,
1198,86,10064,0,86,10008,
1199,86,10064,0,86,10008,
1200,86,10064,0,86,10008,
1201,86,10064,0,86,10008,
1202,86,10064,0,86,10008,
1203,86,10064,0,86,10008,
1204,86,10064,0,86,10008,
1205,86,10064,0,86,10008,
1206,86,10064,0,86,10008,
1207,86,10064,0,86,10008,
1208,86,10064,0,86,10008,
1209,86,10064,0,86,10008,
1210,86,10064,0,86,10008,
1211,86,10064,0,86,10008,
1212,86,10064,0,86,10008,
1213,86,10064,0,86,10008,
1214,86,10064,0,86,10008,
1215,86,10064,0,86,10008,
1216,86,10064,0,86,10008,
1217,86,10064,0,86,10008,
1218,86,10064,0,86,10008,
1219,86,10064,0,86,10008,
1220,86,10064,0,86,10008,
1221,85,10065,0,86,10009,
1222,85,10065,0,86,10009,
1223,85,10065,0,86,10009,
1224,85,10065,0,86,10009,
1225,85,10065,0,86,10009,
1226,85,10065,0,86,10009,
1227,85,10065,0,86,10009,
1228,85,10065,0,86,10009,
1229,85,10065,0,86,10009,
1230,85,10065,0,86,10009,
1231,85,10065,0,86,10009,
1232,85,10065,0,86,10009,
1233,85,10065,0,86,10009,
1234,85,10065,0,86,10009,
1235,85,10065,0,86,10009,
1236,85,10065,0,86,10009,
1237,85,10065,0,86,10009,
1238,85,10065,0,86,10009,
1239,85,10065,0,86,10009,
1240,85,10065,0,86,10009,
1241,85,10065,0,86,10009,
1242,85,10065,0,86,10009,
1243,85,10065,0,86,10009,
1244,85,10065,0,86,10009,
1245,85,10065,0,86,10009,
1246,84,10066,0,86,10010,
1247,84,10066,0,86,10010,
1248,84,10066,0,86,10010,
1249,84,10066,0,86,10010,
1250,84,10066,0,86,10010,
1251,84,10066,0,86,10010,
1252,84,10066,0,86,10010,
1253,84,10066,0,86,10010,
1254,84,10066,0,86,10010,
1255,84,10066,0,86,10010,
1256,84,10066,0,86,10010,
1257,84,10066,0,86,10010,
1258,84,10066,0,86,10010,
1259,84,10066,0,86,10010,
1260,84,10066,0,86,10010,
1261,84,10066,0,86,10010,
1262,84,10066,0,86,10010,
1263,84,10066,0,86,10010,
1264,84,10066,0,86,10010,
1265,84,10066,0,86,10010,
1266,84,10066,0,86,10010,
1267,84,10066,0,86,10010,
1268,84,10066,0,86,10010,
1269,84,10066,0,86,10010,
1270,84,10066,0,86,10010,
1271,84,10066,0,86,10010,
1272,84,10066,0,86,10010,
1273,84,10066,0,86,10010,
1274,84,10066,0,86,10010,
1275,83,10067,0,86,10011,
1276,83,10067,0,86,10011,
1277,83,10067,0,86,10011,
1278,83,10067,0,86,10011,
1279,83,10067,0,86,10011,
1280,83,10067,0,86,10011,
1281,83,10067,0,86,10011,
1282,83,10067,0,86,10011,
1283,83,10067,0,86,10011,
1284,83,10067,0,86,10011,
1285,83,10067,0,86,10011,
1286,83,10067,0,86,10011,
1287,83,10067,0,86,10011,
1288,83,10067,0,86,10011,
1289,83,10067,0,86,10011,
1290,83,10067,0,86,10011,
1291,83,10067,0,53,10044,
1292,83,10067,0,53,10044,
1293,83,10067,0,53,10044,
1294,83,10067,0,53,10044,
1295,83,10067,0,53,10044,
1296,83,10067,0,53,10044,
1297,83,10067,0,53,10044,
1298,83,10067,0,53,10044,
1299,83,10067,0,53,10044,
1300,83,10067,0,53,10044,
1301,83,10067,0,53,10044,
1302,83,10067,0,53,10044,
1303,83,10067,0,53,10044,
1304,83,10067,0,53,10044,
1305,83,10067,0,53,10044,
1306,83,10067,0,53,10044,
1307,83,10067,0,53,10044,
1308,82,10068,0,53,10045,
1309,82,10068,0,53,10045,
1310,82,10068,0,53,10045,
1311,82,10068,0,53,10045,
1312,82,10068,0,53,10045,
1313,82,10068,0,53,10045,
1314,82,10068,0,53,10045,
1315,82,10068,0,53,10045,
1316,82,10068,0,53,10045,
1317,82,10068,0,53,10045,
1318,82,10068,0,53,10045,
1319,82,10068,0,53,10045,
1320,82,10068,0,53,10045,
1321,82,10068,0,53,10045,
1322,82,10068,0,53,10045,
1323,82,10068,0,53,10045,
1324,82,10068,0,53,10045,
1325,82,10068,0,53,10045,
1326,82,10068,0,53,10045,
1327,82,10068,0,53,10045,
1328,82,10068,0,53,10045,
1329,82,10068,0,53,10045,
1330,82,10068,0,53,10045,
1331,82,10068,0,53,10045,
1332,82,10068,0,53,10045,
1333,82,10068,0,53,10045,
1334,82,10068,0,53,10045,
1335,82,10068,0,53,10045,
1336,82,10068,0,53,10045,
1337,82,10068,0,53,10045,
1338,82,10068,0,53,10045,
1339,82,10068,0,53,10045,
1340,82,10068,0,53,10045,
1341,82,10068,0,53,10045,
1342,82,10068,0,53,10045,
1343,82,10068,0,53,10045,
1344,82,10068,0,53,10045,
1345,82,10068,0,53,10045,
1346,82,10068,0,53,10045,
1347,82,10068,0,53,10045,
1348,82,10068,0,53,10045,
1349,82,10068,0,53,10045,
1350,82,10068,0,53,10045,
1351,82,10068,0,53,10045,
1352,82,10068,0,53,10045,
1353,82,10068,0,53,10045,
1354,82,10068,0,53,10045,
1355,82,10068,0,53,10045,
1356,82,10068,0,53,10045,
1357,82,10068,0,53,10045,
1358,82,10068,0,53,10045,
1359,82,10068,0,53,10045,
1360,82,10068,0,53,10045,
1361,82,10068,0,53,10045,
1362,82,10068,0,53,10045,
1363,82,10068,0,53,10045,
1364,82,10068,0,53,10045,
1365,82,10068,0,53,10045,
1366,82,10068,0,53,10045,
1367,82,10068,0,53,10045,
1368,82,10068,0,53,10045,
1369,82,10068,0,53,10045,
1370,82,10068,0,53,10045,
1371,82,10068,0,53,10045,
1372,82,10068,0,53,10045,
1373,82,10068,0,53,10045,
1374,82,10068,0,38,10060,
1375,82,10068,0,38,10060,
1376,82,10068,0,38,10060,
1377,82,10068,0,38,10060,
1378,82,10068,0,38,10060,
1379,82,10068,0,38,10060,
1380,82,10068,0,38,10060,
1381,82,10068,0,38,10060,
1382,82,10068,0,38,10060,
1383,82,10068,0,38,10060,
1384,82,10068,0,38,10060,
1385,82,10068,0,38,10060,
1386,82,10068,0,38,10060,
1387,82,10068,0,38,10060,
1388,82,10068,0,38,10060,
1389,82,10068,0,38,10060,
1390,82,10068,0,38,10060,
1391,82,10068,0,38,10060,
1392,82,10068,0,38,10060,
1393,82,10068,0,38,10060,
1394,82,10068,0,38,10060,
1395,82,10068,0,38,10060,
1396,82,10068,0,38,10060,
1397,82,10068,0,38,10060,
1398,82,10068,0,38,10060,
1399,82,10068,0,38,10060,
1400,82,10068,0,38,10060,
1401,82,10068,0,38,10060,
1402,82,10068,0,38,10060,
1403,82,10068,0,38,10060,
1404,82,10068,0,38,10060,
1405,82,10068,0,38,10060,
1406,82,10068,0,38,10060,
1407,82,10068,0,38,10060,
1408,82,10068,0,38,10060,
1409,82,10068,0,38,10060,
1410,82,10068,0,38,10060,
1411,82,10068,0,38,10060,
1412,82,10068,0,38,10060,
1413,82,10068,0,38,10060,
1414,82,10068,0,38,10060,
1415,82,10068,0,38,10060,
1416,82,10068,0,38,10060,
1417,82,10068,0,38,10060,
1418,82,10068,0,38,10060,
1419,82,10068,0,38,10060,
1420,82,10068,0,38,10060,
1421,82,10068,0,38,10060,
1422,82,10068,0,38,10060,
1423,82,10068,0,38,10060,
1424,82,10068,0,38,10060,
1425,82,10068,0,38,10060,
1426,82,10068,0,38,10060,
1427,82,10068,0,38,10060,
1428,82,10068,0,38,10060,
1429,82,10068,0,38,10060,
1430,82,10068,0,38,10060,
1431,82,10068,0,38,10060,
1432,82,10068,0,38,10060,
1433,82,10068,0,38,10060,
1434,82,10068,0,38,10060,
1435,82,10068,0,38,10060,
1436,82,10068,0,38,10060,
1437,82,10068,0,38,10060,
1438,82,10068,0,38,10060,
1439,82,10068,0,38,10060,
1440,82,10068,0,38,10060,
1441,82,10068,0,38,10060,
1442,82,10068,0,38,10060,
1443,82,10068,0,38,10060,
1444,82,10068,0,38,10060,
1445,82,10068,0,38,10060,
1446,82,10068,0,38,10060,
1447,82,10068,0,38,10060,
1448,82,10068,0,38,10060,
1449,82,10068,0,38,10060,
1450,82,10068,0,38,10060,
1451,82,10068,0,38,10060,
1452,82,10068,0,38,10060,
1453,82,10068,0,38,10060,
1454,82,10068,0,38,10060,
1455,82,10068,0,38,10060,
1456,82,10068,0,38,10060,
1457,82,10068,0,38,10060,
1458,82,10068,0,38,10060,
1459,82,10068,0,38,10060,
1460,82,10068,0,38,10060,
1461,82,10068,0,38,10060,
1462,82,10068,0,38,10060,
1463,82,10068,0,38,10060,
1464,82,10068,0,38,10060,
1465,82,10068,0,38,10060,
1466,82,10068,0,38,10060,
1467,82,10068,0,38,10060,
1468,82,10068,0,38,10060,
1469,82,10068,0,38,10060,
1470,82,10068,0,38,10060,
1471,82,10068,0,38,10060,
1472,82,10068,0,38,10060,
1473,82,10068,0,38,10060,
1474,82,10068,0,38,10060,
1475,81,10069,0,38,10061,
1476,81,10069,0,38,10061,
1477,81,10069,0,38,10061,
1478,81,10069,0,38,10061,
1479,81,10069,0,38,10061,
1480,81,10069,0,38,10061,
1481,81,10069,0,38,10061,
1482,81,10069,0,38,10061,
1483,81,10069,0,38,10061,
1484,81,10069,0,38,10061,
1485,81,10069,0,38,10061,
1486,81,10069,0,38,10061,
1487,81,10069,0,38,10061,
1488,81,10069,0,38,10061,
1489,81,10069,0,38,10061,
1490,81,10069,0,38,10061,
1491,81,10069,0,38,10061,
1492,81,10069,0,38,10061,
1493,81,10069,0,38,10061,
1494,81,10069,0,38,10061,
1495,81,10069,0,38,10061,
1496,81,10069,0,38,10061,
1497,81,10069,0,38,10061,
1498,81,10069,0,38,10061,
1499,81,10069,0,38,10061,
1500,81,10069,0,38,10061,
1501,81,10069,0,38,10061,
1502,81,10069,0,38,10061,
1503,81,10069,0,38,10061,
1504,81,10069,0,38,10061,
1505,81,10069,0,38,10061,
1506,81,10069,0,38,10061,
1507,81,10069,0,38,10061,
1508,81,10069,0,38,10061,
1509,81,10069,0,38,10061,
1510,81,10069,0,38,10061,
1511,81,10069,0,38,10061,
1512,81,10069,0,38,10061,
1513,81,10069,0,38,10061,
1514,81,10069,0,38,10061,
1515,81,10069,0,38,10061,
1516,81,10069,0,38,10061,
1517,81,10069,0,38,10061,
1518,81,10069,0,38,10061,
1519,81,10069,0,38,10061,
1520,81,10069,0,38,10061,
1521,81,10069,0,38,10061,
1522,81,10069,0,38,10061,
1523,81,10069,0,38,10061,
1524,81,10069,0,38,10061,
1525,81,10069,0,38,10061,
1526,81,10069,0,38,10061,
1527,81,10069,0,38,10061,
1528,81,10069,0,38,10061,
1529,81,10069,0,38,10061,
1530,81,10069,0,38,10061,
1531,81,10069,0,38,10061,
1532,81,10069,0,38,10061,
1533,81,10069,0,38,10061,
1534,81,10069,0,38,10061,
1535,81,10069,0,38,10061,
1536,81,10069,0,38,10061,
1537,81,10069,0,38,10061,
1538,81,10069,0,38,10061,
1539,81,10069,0,38,10061,
1540,81,10069,0,38,10061,
1541,81,10069,0,38,10061,
1542,81,10069,0,38,10061,
1543,81,10069,0,38,10061,
1544,81,10069,0,38,10061,
1545,81,10069,0,38,10061,
1546,81,10069,0,38,10061,
1547,81,10069,0,38,10061,
1548,81,10069,0,38,10061,
1549,81,10069,0,38,10061,
1550,81,10069,0,38,10061,
1551,81,10069,0,38,10061,
1552,81,10069,0,38,10061,
1553,81,10069,0,38,10061,
1554,81,10069,0,38,10061,
1555,81,10069,0,38,10061,
1556,81,10069,0,38,10061,
1557,81,10069,0,38,10061,
1558,81,10069,0,38,10061,
1559,81,10069,0,38,10061,
1560,81,10069,0,38,10061,
1561,81,10069,0,38,10061,
1562,81,10069,0,38,10061,
1563,81,10069,0,38,10061,
1564,81,10069,0,38,10061,
1565,81,10069,0,38,10061,
1566,81,10069,0,38,10061,
1567,81,10069,0,38,10061,
1568,81,10069,0,38,10061,
1569,81,10069,0,38,10061,
1570,81,10069,0,38,10061,
1571,81,10069,0,38,10061,
1572,81,10069,0,38,10061,
1573,81,10069,0,38,10061,
1574,81,10069,0,38,10061,
1575,81,10069,0,38,10061,
1576,81,10069,0,38,10061,
1577,81,10069,0,38,10061,
1578,81,10069,0,38,10061,
1579,81,10069,0,38,10061,
1580,81,10069,0,38,10061,
1581,81,10069,0,38,10061,
1582,81,10069,0,38,10061,
1583,81,10069,0,38,10061,
1584,81,10069,0,38,10061,
1585,81,10069,0,38,10061,
1586,81,10069,0,38,10061,
1587,81,10069,0,38,10061,
1588,81,10069,0,38,10061,
1589,81,10069,0,38,10061,
1590,81,10069,0,38,10061,
1591,81,10069,0,38,10061,
1592,81,10069,0,38,10061,
1593,81,10069,0,38,10061,
1594,81,10069,0,38,10061,
1595,81,10069,0,38,10061,
1596,81,10069,0,38,10061,
1597,81,10069,0,38,10061,
1598,81,10069,0,38,10061,
1599,81,10069,0,38,10061,
1600,81,10069,0,38,10061,
1601,81,10069,0,38,10061,
1602,81,10069,0,38,10061,
1603,81,10069,0,38,10061,
1604,81,10069,0,38,10061,
1605,81,10069,0,38,10061,
1606,81,10069,0,38,10061,
1607,81,10069,0,38,10061,
1608,81,10069,0,38,10061,
1609,81,10069,0,38,10061,
1610,81,10069,0,38,10061,
1611,81,10069,0,38,10061,
1612,81,10069,0,38,10061,
1613,81,10069,0,38,10061,
1614,81,10069,0,38,10061,
1615,81,10069,0,38,10061,
1616,81,10069,0,38,10061,
1617,81,10069,0,38,10061,
1618,81,10069,0,38,10061,
1619,81,10069,0,38,10061,
1620,81,10069,0,38,10061,
1621,81,10069,0,38,10061,
1622,81,10069,0,38,10061,
1623,81,10069,0,38,10061,
1624,81,10069,0,38,10061,
1625,81,10069,0,38,10061,
1626,81,10069,0,38,10061,
1627,81,10069,0,38,10061,
1628,81,10069,0,38,10061,
1629,81,10069,0,38,10061,
1630,81,10069,0,38,10061,
1631,81,10069,0,38,10061,
1632,81,10069,0,38,10061,
1633,81,10069,0,38,10061,
1634,81,10069,0,38,10061,
1635,81,10069,0,38,10061,
1636,81,10069,0,38,10061,
1637,81,10069,0,38,10061,
1638,81,10069,0,38,10061,
1639,81,10069,0,38,10061,
1640,81,10069,0,38,10061,
1641,81,10069,0,38,10061,
1642,81,10069,0,38,10061,
1643,81,10069,0,38,10061,
1644,81,10069,0,38,10061,
1645,81,10069,0,38,10061,
1646,81,10069,0,38,10061,
1647,81,10069,0,38,10061,
1648,81,10069,0,38,10061,
1649,81,10069,0,38,10061,
1650,81,10069,0,38,10061,
1651,81,10069,0,38,10061,
1652,81,10069,0,38,10061,
1653,81,10069,0,38,10061,
1654,81,10069,0,38,10061,
1655,81,10069,0,38,10061,
1656,81,10069,0,38,10061,
1657,81,10069,0,38,10061,
1658,81,10069,0,38,10061,
1659,81,10069,0,38,10061,
1660,81,10069,0,38,10061,
1661,81,10069,0,38,10061,
1662,81,10069,0,38,10061,
1663,81,10069,0,38,10061,
1664,81,10069,0,38,10061,
1665,81,10069,0,38,10061,
1666,81,10069,0,38,10061,
1667,81,10069,0,38,10061,
1668,81,10069,0,38,10061,
1669,81,10069,0,38,10061,
1670,81,10069,0,38,10061,
1671,81,10069,0,38,10061,
1672,81,10069,0,38,10061,
1673,81,10069,0,38,10061,
1674,81,10069,0,38,10061,
1675,81,10069,0,38,10061,
1676,81,10069,0,38,10061,
1677,81,10069,0,38,10061,
1678,81,10069,0,38,10061,
1679,81,10069,0,38,10061,
1680,81,10069,0,38,10061,
1681,81,10069,0,38,10061,
1682,81,10069,0,38,10061,
1683,81,10069,0,38,10061,
1684,81,10069,0,38,10061,
1685,81,10069,0,38,10061,
1686,81,10069,0,38,10061,
1687,81,10069,0,38,10061,
1688,81,10069,0,38,10061,
1689,81,10069,0,38,10061,
1690,81,10069,0,38,10061,
1691,81,10069,0,38,10061,
1692,81,10069,0,38,10061,
1693,81,10069,0,38,10061,
1694,81,10069,0,38,10061,
1695,81,10069,0,32,10067,
1696,81,10069,0,32,10067,
1697,81,10069,0,32,10067,
1698,81,10069,0,32,10067,
1699,81,10069,0,32,10067,
1700,81,10069,0,32,10067,
1701,81,10069,0,32,10067,
1702,81,10069,0,32,10067,
1703,81,10069,0,32,10067,
1704,81,10069,0,32,10067,
1705,81,10069,0,32,10067,
1706,81,10069,0,32,10067,
1707,81,10069,0,32,10067,
1708,81,10069,0,32,10067,
1709,81,10069,0,32,10067,
1710,81,10069,0,32,10067,
1711,81,10069,0,32,10067,
1712,81,10069,0,32,10067,
1713,81,10069,0,32,10067,
1714,81,10069,0,32,10067,
1715,81,10069,0,32,10067,
1716,81,10069,0,32,10067,
1717,81,10069,0,32,10067,
1718,81,10069,0,32,10067,
1719,81,10069,0,32,10067,
1720,81,10069,0,32,10067,
1721,81,10069,0,32,10067,
1722,81,10069,0,32,10067,
1723,81,10069,0,32,10067,
1724,81,10069,0,32,10067,
1725,81,10069,0,32,10067,
1726,81,10069,0,32,10067,
1727,81,10069,0,32,10067,
1728,81,10069,0,32,10067,
1729,81,10069,0,32,10067,
1730,81,10069,0,32,10067,
1731,81,10069,0,32,10067,
1732,81,10069,0,32,10067,
1733,81,10069,0,32,10067,
1734,81,10069,0,32,10067,
1735,81,10069,0,32,10067,
1736,81,10069,0,32,10067,
1737,81,10069,0,32,10067,
1738,81,10069,0,32,10067,
1739,81,10069,0,32,10067,
1740,81,10069,0,32,10067,
1741,81,10069,0,32,10067,
1742,81,10069,0,32,10067,
1743,81,10069,0,32,10067,
1744,81,10069,0,32,10067,
1745,81,10069,0,32,10067,
1746,81,10069,0,32,10067,
1747,81,10069,0,32,10067,
1748,81,10069,0,32,10067,
1749,81,10069,0,32,10067,
1750,81,10069,0,32,10067,
1751,81,10069,0,32,10067,
1752,81,10069,0,32,10067,
1753,81,10069,0,32,10067,
1754,81,10069,0,32,10067,
1755,81,10069,0,32,10067,
1756,81,10069,0,32,10067,
1757,81,10069,0,32,10067,
1758,81,10069,0,32,10067,
1759,81,10069,0,32,10067,
1760,81,10069,0,32,10067,
1761,81,10069,0,32,10067,
1762,81,10069,0,32,10067,
1763,81,10069,0,32,10067,
1764,81,10069,0,32,10067,
1765,81,10069,0,32,10067,
1766,81,10069,0,32,10067,
1767,81,10069,0,32,10067,
1768,81,10069,0,32,10067,
1769,81,10069,0,32,10067,
1770,81,10069,0,32,10067,
1771,81,10069,0,32,10067,
1772,81,10069,0,32,10067,
1773,81,10069,0,32,10067,
1774,81,10069,0,32,10067,
1775,81,10069,0,32,10067,
1776,81,10069,0,32,10067,
1777,81,10069,0,32,10067,
1778,81,10069,0,32,10067,
1779,81,10069,0,32,10067,
1780,81,10069,0,32,10067,
1781,81,10069,0,32,10067,
1782,81,10069,0,32,10067,
1783,81,10069,0,32,10067,
1784,81,10069,0,32,10067,
1785,81,10069,0,32,10067,
1786,81,10069,0,32,10067,
1787,81,10069,0,32,10067,
1788,81,10069,0,32,10067,
1789,81,10069,0,32,10067,
1790,81,10069,0,32,10067,
1791,81,10069,0,32,10067,
1792,81,10069,0,32,10067,
1793,81,10069,0,32,10067,
1794,81,10069,0,32,10067,
1795,81,10069,0,32,10067,
1796,81,10069,0,32,10067,
1797,81,10069,0,32,10067,
1798,81,10069,0,32,10067,
1799,81,10069,0,32,10067,
1800,81,10069,0,32,10067,
1801,81,10069,0,32,10067,
1802,81,10069,0,32,10067,
1803,81,10069,0,32,10067,
1804,81,10069,0,32,10067,
1805,81,10069,0,32,10067,
1806,81,10069,0,32,10067,
1807,81,10069,0,32,10067,
1808,81,10069,0,32,10067,
1809,81,10069,0,32,10067,
1810,81,10069,0,32,10067,
1811,81,10069,0,32,10067,
1812,81,10069,0,32,10067,
1813,81,10069,0,32,10067,
1814,81,10069,0,32,10067,
1815,81,10069,0,32,10067,
1816,81,10069,0,32,10067,
1817,81,10069,0,32,10067,
1818,81,10069,0,32,10067,
1819,81,10069,0,32,10067,
1820,81,10069,0,32,10067,
1821,81,10069,0,32,10067,
1822,81,10069,0,32,10067,
1823,81,10069,0,32,10067,
1824,81,10069,0,32,10067,
1825,81,10069,0,32,10067,
1826,81,10069,0,32,10067,
1827,81,10069,0,32,10067,
1828,81,10069,0,32,10067,
1829,81,10069,0,32,10067,
1830,81,10069,0,32,10067,
1831,81,10069,0,32,10067,
1832,81,10069,0,32,10067,
1833,81,10069,0,32,10067,
1834,81,10069,0,32,10067,
1835,81,10069,0,32,10067,
1836,81,10069,0,32,10067,
1837,81,10069,0,32,10067,
1838,81,10069,0,32,10067,
1839,81,10069,0,32,10067,
1840,81,10069,0,32,10067,
1841,81,10069,0,32,10067,
1842,81,10069,0,32,10067,
1843,81,10069,0,32,10067,
1844,81,10069,0,32,10067,
1845,81,10069,0,32,10067,
1846,81,10069,0,32,10067,
1847,81,10069,0,32,10067,
1848,81,10069,0,32,10067,
1849,81,10069,0,32,10067,
1850,81,10069,0,32,10067,
1851,81,10069,0,32,10067,
1852,81,10069,0,32,10067,
1853,81,10069,0,32,10067,
1854,81,10069,0,32,10067,
1855,81,10069,0,32,10067,
1856,81,10069,0,32,10067,
1857,81,10069,0,32,10067,
1858,81,10069,0,32,10067,
1859,81,10069,0,32,10067,
1860,81,10069,0,32,10067,
1861,81,10069,0,32,10067,
1862,81,10069,0,32,10067,
1863,81,10069,0,32,10067,
1864,81,10069,0,32,10067,
1865,81,10069,0,32,10067,
1866,81,10069,0,32,10067,
1867,81,10069,0,32,10067,
1868,81,10069,0,32,10067,
1869,81,10069,0,32,10067,
1870,81,10069,0,32,10067,
1871,81,10069,0,32,10067,
1872,81,10069,0,32,10067,
1873,81,10069,0,32,10067,
1874,81,10069,0,32,10067,
1875,81,10069,0,32,10067,
1876,81,10069,0,32,10067,
1877,81,10069,0,32,10067,
1878,81,10069,0,32,10067,
1879,81,10069,0,32,10067,
1880,81,10069,0,32,10067,
1881,81,10069,0,32,10067,
1882,81,10069,0,32,10067,
1883,81,10069,0,32,10067,
1884,81,10069,0,32,10067,
1885,81,10069,0,32,10067,
1886,81,10069,0,32,10067,
1887,81,10069,0,32,10067,
1888,81,10069,0,32,10067,
1889,81,10069,0,32,10067,
1890,81,10069,0,32,10067,
1891,81,10069,0,32,10067,
1892,81,10069,0,32,10067,
1893,81,10069,0,32,10067,
1894,81,10069,0,32,10067,
1895,81,10069,0,32,10067,
1896,81,10069,0,32,10067,
1897,81,10069,0,32,10067,
1898,81,10069,0,32,10067,
1899,81,10069,0,32,10067,
1900,81,10069,0,32,10067,
1901,81,10069,0,32,10067,
1902,81,10069,0,32,10067,
1903,81,10069,0,32,10067,
1904,81,10069,0,32,10067,
1905,81,10069,0,32,10067,
1906,81,10069,0,32,10067,
1907,80,10070,0,32,10068,
1908,80,10070,0,32,10068,
1909,80,10070,0,32,10068,
1910,80,10070,0,32,10068,
1911,80,10070,0,32,10068,
1912,80,10070,0,32,10068,
1913,80,10070,0,32,10068,
1914,80,10070,0,32,10068,
1915,80,10070,0,32,10068,
1916,80,10070,0,32,10068,
1917,80,10070,0,32,10068,
1918,80,10070,0,32,10068,
1919,80,10070,0,32,10068,
1920,80,10070,0,32,10068,
1921,80,10070,0,32,10068,
1922,80,10070,0,32,10068,
1923,80,10070,0,32,10068,
1924,80,10070,0,32,10068,
1925,80,10070,0,32,10068,
1926,80,10070,0,32,10068,
1927,80,10070,0,32,10068,
1928,80,10070,0,32,10068,
1929,80,10070,0,32,10068,
1930,80,10070,0,32,10068,
1931,80,10070,0,32,10068,
1932,80,10070,0,32,10068,
1933,80,10070,0,32,10068,
1934,80,10070,0,32,10068,
1935,80,10070,0,32,10068,
1936,80,10070,0,32,10068,
1937,80,10070,0,32,10068,
1938,80,10070,0,32,10068,
1939,80,10070,0,32,10068,
1940,80,10070,0,32,10068,
1941,80,10070,0,32,10068,
1942,80,10070,0,32,10068,
1943,80,10070,0,32,10068,
1944,80,10070,0,32,10068,
1945,80,10070,0,32,10068,
1946,80,10070,0,32,10068,
1947,80,10070,0,32,10068,
1948,80,10070,0,32,10068,
1949,80,10070,0,32,10068,
1950,80,10070,0,32,10068,
1951,80,10070,0,32,10068,
1952,80,10070,0,32,10068,
1953,80,10070,0,32,10068,
1954,80,10070,0,32,10068,
1955,80,10070,0,32,10068,
1956,80,10070,0,32,10068,
1957,80,10070,0,32,10068,
1958,80,10070,0,32,10068,
1959,80,10070,0,32,10068,
1960,80,10070,0,32,10068,
1961,80,10070,0,32,10068,
1962,80,10070,0,32,10068,
1963,80,10070,0,32,10068,
1964,80,10070,0,32,10068,
1965,80,10070,0,32,10068,
1966,80,10070,0,32,10068,
1967,80,10070,0,32,10068,
1968,80,10070,0,32,10068,
1969,80,10070,0,32,10068,
1970,80,10070,0,32,10068,
1971,80,10070,0,32,10068,
1972,80,10070,0,32,10068,
1973,80,10070,0,32,10068,
1974,80,10070,0,32,10068,
1975,80,10070,0,32,10068,
1976,80,10070,0,32,10068,
1977,80,10070,0,32,10068,
1978,80,10070,0,32,10068,
1979,80,10070,0,32,10068,
1980,80,10070,0,32,10068,
1981,80,10070,0,32,10068,
1982,80,10070,0,32,10068,
1983,80,10070,0,32,10068,
1984,80,10070,0,32,10068,
1985,80,10070,0,32,10068,
1986,80,10070,0,32,10068,
1987,80,10070,0,32,10068,
1988,80,10070,0,32,10068,
1989,80,10070,0,32,10068,
1990,80,10070,0,32,10068,
1991,80,10070,0,32,10068,
1992,80,10070,0,32,10068,
1993,80,10070,0,32,10068,
1994,80,10070,0,32,10068,
1995,80,10070,0,32,10068,
1996,80,10070,0,32,10068,
1997,80,10070,0,32,10068,
1998,80,10070,0,32,10068,
1999,80,10070,0,32,10068,
2000,80,10070,0,32,10068,
2001,80,10070,0,32,10068,
2002,80,10070,0,32,10068,
2003,80,10070,0,32,10068,
2004,80,10070,0,32,10068,
2005,80,10070,0,32,10068,
2006,80,10070,0,32,10068,
2007,80,10070,0,32,10068,
2008,80,10070,0,32,10068,
2009,2,10070,78,19,10081,
2010,2,10070,78,19,10081,
2011,2,10070,78,19,10081,
2012,2,10070,78,19,10081,
2013,2,10070,78,19,10081,
2014,0,10070,80,19,10081,
